<?xml version="1.0"?>
<Earth_Observation_File xmlns:xsi="http://www.w3.org/2001/XMLSchema-instance" xsi:schemaLocation="http://eop-cfi.esa.int/CFI " xmlns="http://eop-cfi.esa.int/CFI">
  <Earth_Observation_Header>
    <Fixed_Header>
      <File_Name>real_orbit</File_Name>
      <File_Description>Predicted Orbit File</File_Description>
      <Notes/>
      <Mission>EODP</Mission>
      <File_Class>Orbit</File_Class>
      <File_Type>     Orbit</File_Type>
      <Validity_Period>
        <Validity_Start>UTC=2000-01-01T00:00:00</Validity_Start>
        <Validity_Stop>UTC=2999-01-01T00:00:00</Validity_Stop>
      </Validity_Period>
      <File_Version>0001</File_Version>
      <EOFFS_Version>3.0</EOFFS_Version>
      <Source>
        <System/>
        <Creator>EXPLORER_GEN_FILES: xg_gen_pof</Creator>
        <Creator_Version>1.0</Creator_Version>
        <Creation_Date>UTC=2000-01-01T00:00:00</Creation_Date>
      </Source>
    </Fixed_Header>
    <Variable_Header>
      <Ref_Frame>EARTH_FIXED</Ref_Frame>
      <Time_Reference>UTC</Time_Reference>
    </Variable_Header>
  </Earth_Observation_Header>
  <Data_Block type="xml">
    <List_of_OSVs count="100">
      <OSV>
        <TAI>TAI=2019-09-14T10:36:50.470081</TAI>
        <UTC>UTC=2019-09-14T10:36:13.470081</UTC>
        <UT1>UT1=2019-09-14T10:36:13.315206</UT1>
        <Absolute_Orbit>+00001</Absolute_Orbit>
        <X unit="m">+6115820.822</X>
        <Y unit="m">+0394404.318</Y>
        <Z unit="m">+3711823.255</Z>
        <VX unit="m/s">+3918.932360</VX>
        <VY unit="m/s">-1497.099088</VY>
        <VZ unit="m/s">-6278.543090</VZ>
        <Quality>0000000000000</Quality>
      </OSV>
      <OSV>
        <TAI>TAI=2019-09-14T10:36:50.476801</TAI>
        <UTC>UTC=2019-09-14T10:36:13.476801</UTC>
        <UT1>UT1=2019-09-14T10:36:13.321926</UT1>
        <Absolute_Orbit>+00001</Absolute_Orbit>
        <X unit="m">+6115847.157</X>
        <Y unit="m">+0394394.257</Y>
        <Z unit="m">+3711781.064</Z>
        <VX unit="m/s">+3918.886594</VX>
        <VY unit="m/s">-1497.105785</VY>
        <VZ unit="m/s">-6278.570178</VZ>
        <Quality>0000000000000</Quality>
      </OSV>
      <OSV>
        <TAI>TAI=2019-09-14T10:36:50.483521</TAI>
        <UTC>UTC=2019-09-14T10:36:13.483521</UTC>
        <UT1>UT1=2019-09-14T10:36:13.328646</UT1>
        <Absolute_Orbit>+00001</Absolute_Orbit>
        <X unit="m">+6115873.492</X>
        <Y unit="m">+0394384.197</Y>
        <Z unit="m">+3711738.871</Z>
        <VX unit="m/s">+3918.840827</VX>
        <VY unit="m/s">-1497.112483</VY>
        <VZ unit="m/s">-6278.597266</VZ>
        <Quality>0000000000000</Quality>
      </OSV>
      <OSV>
        <TAI>TAI=2019-09-14T10:36:50.490241</TAI>
        <UTC>UTC=2019-09-14T10:36:13.490241</UTC>
        <UT1>UT1=2019-09-14T10:36:13.335366</UT1>
        <Absolute_Orbit>+00001</Absolute_Orbit>
        <X unit="m">+6115899.826</X>
        <Y unit="m">+0394374.136</Y>
        <Z unit="m">+3711696.679</Z>
        <VX unit="m/s">+3918.795061</VX>
        <VY unit="m/s">-1497.119180</VY>
        <VZ unit="m/s">-6278.624353</VZ>
        <Quality>0000000000000</Quality>
      </OSV>
      <OSV>
        <TAI>TAI=2019-09-14T10:36:50.496961</TAI>
        <UTC>UTC=2019-09-14T10:36:13.496961</UTC>
        <UT1>UT1=2019-09-14T10:36:13.342086</UT1>
        <Absolute_Orbit>+00001</Absolute_Orbit>
        <X unit="m">+6115926.160</X>
        <Y unit="m">+0394364.075</Y>
        <Z unit="m">+3711654.487</Z>
        <VX unit="m/s">+3918.749293</VX>
        <VY unit="m/s">-1497.125877</VY>
        <VZ unit="m/s">-6278.651441</VZ>
        <Quality>0000000000000</Quality>
      </OSV>
      <OSV>
        <TAI>TAI=2019-09-14T10:36:50.503681</TAI>
        <UTC>UTC=2019-09-14T10:36:13.503681</UTC>
        <UT1>UT1=2019-09-14T10:36:13.348806</UT1>
        <Absolute_Orbit>+00001</Absolute_Orbit>
        <X unit="m">+6115952.494</X>
        <Y unit="m">+0394354.014</Y>
        <Z unit="m">+3711612.294</Z>
        <VX unit="m/s">+3918.703526</VX>
        <VY unit="m/s">-1497.132574</VY>
        <VZ unit="m/s">-6278.678528</VZ>
        <Quality>0000000000000</Quality>
      </OSV>
      <OSV>
        <TAI>TAI=2019-09-14T10:36:50.510401</TAI>
        <UTC>UTC=2019-09-14T10:36:13.510401</UTC>
        <UT1>UT1=2019-09-14T10:36:13.355526</UT1>
        <Absolute_Orbit>+00001</Absolute_Orbit>
        <X unit="m">+6115978.827</X>
        <Y unit="m">+0394343.954</Y>
        <Z unit="m">+3711570.101</Z>
        <VX unit="m/s">+3918.657759</VX>
        <VY unit="m/s">-1497.139271</VY>
        <VZ unit="m/s">-6278.705615</VZ>
        <Quality>0000000000000</Quality>
      </OSV>
      <OSV>
        <TAI>TAI=2019-09-14T10:36:50.517121</TAI>
        <UTC>UTC=2019-09-14T10:36:13.517121</UTC>
        <UT1>UT1=2019-09-14T10:36:13.362246</UT1>
        <Absolute_Orbit>+00001</Absolute_Orbit>
        <X unit="m">+6116005.161</X>
        <Y unit="m">+0394333.893</Y>
        <Z unit="m">+3711527.908</Z>
        <VX unit="m/s">+3918.611991</VX>
        <VY unit="m/s">-1497.145968</VY>
        <VZ unit="m/s">-6278.732701</VZ>
        <Quality>0000000000000</Quality>
      </OSV>
      <OSV>
        <TAI>TAI=2019-09-14T10:36:50.523841</TAI>
        <UTC>UTC=2019-09-14T10:36:13.523841</UTC>
        <UT1>UT1=2019-09-14T10:36:13.368966</UT1>
        <Absolute_Orbit>+00001</Absolute_Orbit>
        <X unit="m">+6116031.493</X>
        <Y unit="m">+0394323.832</Y>
        <Z unit="m">+3711485.715</Z>
        <VX unit="m/s">+3918.566224</VX>
        <VY unit="m/s">-1497.152665</VY>
        <VZ unit="m/s">-6278.759787</VZ>
        <Quality>0000000000000</Quality>
      </OSV>
      <OSV>
        <TAI>TAI=2019-09-14T10:36:50.530561</TAI>
        <UTC>UTC=2019-09-14T10:36:13.530561</UTC>
        <UT1>UT1=2019-09-14T10:36:13.375686</UT1>
        <Absolute_Orbit>+00001</Absolute_Orbit>
        <X unit="m">+6116057.826</X>
        <Y unit="m">+0394313.771</Y>
        <Z unit="m">+3711443.522</Z>
        <VX unit="m/s">+3918.520455</VX>
        <VY unit="m/s">-1497.159361</VY>
        <VZ unit="m/s">-6278.786873</VZ>
        <Quality>0000000000000</Quality>
      </OSV>
      <OSV>
        <TAI>TAI=2019-09-14T10:36:50.537281</TAI>
        <UTC>UTC=2019-09-14T10:36:13.537281</UTC>
        <UT1>UT1=2019-09-14T10:36:13.382406</UT1>
        <Absolute_Orbit>+00001</Absolute_Orbit>
        <X unit="m">+6116084.158</X>
        <Y unit="m">+0394303.710</Y>
        <Z unit="m">+3711401.328</Z>
        <VX unit="m/s">+3918.474687</VX>
        <VY unit="m/s">-1497.166058</VY>
        <VZ unit="m/s">-6278.813958</VZ>
        <Quality>0000000000000</Quality>
      </OSV>
      <OSV>
        <TAI>TAI=2019-09-14T10:36:50.544001</TAI>
        <UTC>UTC=2019-09-14T10:36:13.544001</UTC>
        <UT1>UT1=2019-09-14T10:36:13.389126</UT1>
        <Absolute_Orbit>+00001</Absolute_Orbit>
        <X unit="m">+6116110.490</X>
        <Y unit="m">+0394293.649</Y>
        <Z unit="m">+3711359.134</Z>
        <VX unit="m/s">+3918.428919</VX>
        <VY unit="m/s">-1497.172754</VY>
        <VZ unit="m/s">-6278.841044</VZ>
        <Quality>0000000000000</Quality>
      </OSV>
      <OSV>
        <TAI>TAI=2019-09-14T10:36:50.550721</TAI>
        <UTC>UTC=2019-09-14T10:36:13.550721</UTC>
        <UT1>UT1=2019-09-14T10:36:13.395846</UT1>
        <Absolute_Orbit>+00001</Absolute_Orbit>
        <X unit="m">+6116136.822</X>
        <Y unit="m">+0394283.588</Y>
        <Z unit="m">+3711316.940</Z>
        <VX unit="m/s">+3918.383150</VX>
        <VY unit="m/s">-1497.179450</VY>
        <VZ unit="m/s">-6278.868129</VZ>
        <Quality>0000000000000</Quality>
      </OSV>
      <OSV>
        <TAI>TAI=2019-09-14T10:36:50.557441</TAI>
        <UTC>UTC=2019-09-14T10:36:13.557441</UTC>
        <UT1>UT1=2019-09-14T10:36:13.402566</UT1>
        <Absolute_Orbit>+00001</Absolute_Orbit>
        <X unit="m">+6116163.153</X>
        <Y unit="m">+0394273.527</Y>
        <Z unit="m">+3711274.747</Z>
        <VX unit="m/s">+3918.337382</VX>
        <VY unit="m/s">-1497.186147</VY>
        <VZ unit="m/s">-6278.895213</VZ>
        <Quality>0000000000000</Quality>
      </OSV>
      <OSV>
        <TAI>TAI=2019-09-14T10:36:50.564161</TAI>
        <UTC>UTC=2019-09-14T10:36:13.564161</UTC>
        <UT1>UT1=2019-09-14T10:36:13.409286</UT1>
        <Absolute_Orbit>+00001</Absolute_Orbit>
        <X unit="m">+6116189.484</X>
        <Y unit="m">+0394263.466</Y>
        <Z unit="m">+3711232.552</Z>
        <VX unit="m/s">+3918.291612</VX>
        <VY unit="m/s">-1497.192843</VY>
        <VZ unit="m/s">-6278.922297</VZ>
        <Quality>0000000000000</Quality>
      </OSV>
      <OSV>
        <TAI>TAI=2019-09-14T10:36:50.570881</TAI>
        <UTC>UTC=2019-09-14T10:36:13.570881</UTC>
        <UT1>UT1=2019-09-14T10:36:13.416006</UT1>
        <Absolute_Orbit>+00001</Absolute_Orbit>
        <X unit="m">+6116215.815</X>
        <Y unit="m">+0394253.405</Y>
        <Z unit="m">+3711190.358</Z>
        <VX unit="m/s">+3918.245843</VX>
        <VY unit="m/s">-1497.199539</VY>
        <VZ unit="m/s">-6278.949381</VZ>
        <Quality>0000000000000</Quality>
      </OSV>
      <OSV>
        <TAI>TAI=2019-09-14T10:36:50.577601</TAI>
        <UTC>UTC=2019-09-14T10:36:13.577601</UTC>
        <UT1>UT1=2019-09-14T10:36:13.422726</UT1>
        <Absolute_Orbit>+00001</Absolute_Orbit>
        <X unit="m">+6116242.145</X>
        <Y unit="m">+0394243.344</Y>
        <Z unit="m">+3711148.163</Z>
        <VX unit="m/s">+3918.200074</VX>
        <VY unit="m/s">-1497.206234</VY>
        <VZ unit="m/s">-6278.976465</VZ>
        <Quality>0000000000000</Quality>
      </OSV>
      <OSV>
        <TAI>TAI=2019-09-14T10:36:50.584321</TAI>
        <UTC>UTC=2019-09-14T10:36:13.584321</UTC>
        <UT1>UT1=2019-09-14T10:36:13.429446</UT1>
        <Absolute_Orbit>+00001</Absolute_Orbit>
        <X unit="m">+6116268.475</X>
        <Y unit="m">+0394233.282</Y>
        <Z unit="m">+3711105.969</Z>
        <VX unit="m/s">+3918.154305</VX>
        <VY unit="m/s">-1497.212930</VY>
        <VZ unit="m/s">-6279.003548</VZ>
        <Quality>0000000000000</Quality>
      </OSV>
      <OSV>
        <TAI>TAI=2019-09-14T10:36:50.591041</TAI>
        <UTC>UTC=2019-09-14T10:36:13.591041</UTC>
        <UT1>UT1=2019-09-14T10:36:13.436166</UT1>
        <Absolute_Orbit>+00001</Absolute_Orbit>
        <X unit="m">+6116294.805</X>
        <Y unit="m">+0394223.221</Y>
        <Z unit="m">+3711063.773</Z>
        <VX unit="m/s">+3918.108535</VX>
        <VY unit="m/s">-1497.219626</VY>
        <VZ unit="m/s">-6279.030631</VZ>
        <Quality>0000000000000</Quality>
      </OSV>
      <OSV>
        <TAI>TAI=2019-09-14T10:36:50.597761</TAI>
        <UTC>UTC=2019-09-14T10:36:13.597761</UTC>
        <UT1>UT1=2019-09-14T10:36:13.442886</UT1>
        <Absolute_Orbit>+00001</Absolute_Orbit>
        <X unit="m">+6116321.135</X>
        <Y unit="m">+0394213.160</Y>
        <Z unit="m">+3711021.578</Z>
        <VX unit="m/s">+3918.062764</VX>
        <VY unit="m/s">-1497.226321</VY>
        <VZ unit="m/s">-6279.057714</VZ>
        <Quality>0000000000000</Quality>
      </OSV>
      <OSV>
        <TAI>TAI=2019-09-14T10:36:50.604481</TAI>
        <UTC>UTC=2019-09-14T10:36:13.604481</UTC>
        <UT1>UT1=2019-09-14T10:36:13.449606</UT1>
        <Absolute_Orbit>+00001</Absolute_Orbit>
        <X unit="m">+6116347.464</X>
        <Y unit="m">+0394203.098</Y>
        <Z unit="m">+3710979.383</Z>
        <VX unit="m/s">+3918.016994</VX>
        <VY unit="m/s">-1497.233016</VY>
        <VZ unit="m/s">-6279.084796</VZ>
        <Quality>0000000000000</Quality>
      </OSV>
      <OSV>
        <TAI>TAI=2019-09-14T10:36:50.611201</TAI>
        <UTC>UTC=2019-09-14T10:36:13.611201</UTC>
        <UT1>UT1=2019-09-14T10:36:13.456326</UT1>
        <Absolute_Orbit>+00001</Absolute_Orbit>
        <X unit="m">+6116373.793</X>
        <Y unit="m">+0394193.037</Y>
        <Z unit="m">+3710937.187</Z>
        <VX unit="m/s">+3917.971224</VX>
        <VY unit="m/s">-1497.239712</VY>
        <VZ unit="m/s">-6279.111879</VZ>
        <Quality>0000000000000</Quality>
      </OSV>
      <OSV>
        <TAI>TAI=2019-09-14T10:36:50.617921</TAI>
        <UTC>UTC=2019-09-14T10:36:13.617921</UTC>
        <UT1>UT1=2019-09-14T10:36:13.463046</UT1>
        <Absolute_Orbit>+00001</Absolute_Orbit>
        <X unit="m">+6116400.121</X>
        <Y unit="m">+0394182.975</Y>
        <Z unit="m">+3710894.992</Z>
        <VX unit="m/s">+3917.925454</VX>
        <VY unit="m/s">-1497.246407</VY>
        <VZ unit="m/s">-6279.138960</VZ>
        <Quality>0000000000000</Quality>
      </OSV>
      <OSV>
        <TAI>TAI=2019-09-14T10:36:50.624641</TAI>
        <UTC>UTC=2019-09-14T10:36:13.624641</UTC>
        <UT1>UT1=2019-09-14T10:36:13.469766</UT1>
        <Absolute_Orbit>+00001</Absolute_Orbit>
        <X unit="m">+6116426.449</X>
        <Y unit="m">+0394172.914</Y>
        <Z unit="m">+3710852.795</Z>
        <VX unit="m/s">+3917.879683</VX>
        <VY unit="m/s">-1497.253102</VY>
        <VZ unit="m/s">-6279.166042</VZ>
        <Quality>0000000000000</Quality>
      </OSV>
      <OSV>
        <TAI>TAI=2019-09-14T10:36:50.631361</TAI>
        <UTC>UTC=2019-09-14T10:36:13.631361</UTC>
        <UT1>UT1=2019-09-14T10:36:13.476486</UT1>
        <Absolute_Orbit>+00001</Absolute_Orbit>
        <X unit="m">+6116452.777</X>
        <Y unit="m">+0394162.852</Y>
        <Z unit="m">+3710810.600</Z>
        <VX unit="m/s">+3917.833912</VX>
        <VY unit="m/s">-1497.259796</VY>
        <VZ unit="m/s">-6279.193123</VZ>
        <Quality>0000000000000</Quality>
      </OSV>
      <OSV>
        <TAI>TAI=2019-09-14T10:36:50.638081</TAI>
        <UTC>UTC=2019-09-14T10:36:13.638081</UTC>
        <UT1>UT1=2019-09-14T10:36:13.483206</UT1>
        <Absolute_Orbit>+00001</Absolute_Orbit>
        <X unit="m">+6116479.105</X>
        <Y unit="m">+0394152.790</Y>
        <Z unit="m">+3710768.403</Z>
        <VX unit="m/s">+3917.788141</VX>
        <VY unit="m/s">-1497.266491</VY>
        <VZ unit="m/s">-6279.220204</VZ>
        <Quality>0000000000000</Quality>
      </OSV>
      <OSV>
        <TAI>TAI=2019-09-14T10:36:50.644801</TAI>
        <UTC>UTC=2019-09-14T10:36:13.644801</UTC>
        <UT1>UT1=2019-09-14T10:36:13.489926</UT1>
        <Absolute_Orbit>+00001</Absolute_Orbit>
        <X unit="m">+6116505.432</X>
        <Y unit="m">+0394142.729</Y>
        <Z unit="m">+3710726.207</Z>
        <VX unit="m/s">+3917.742369</VX>
        <VY unit="m/s">-1497.273186</VY>
        <VZ unit="m/s">-6279.247284</VZ>
        <Quality>0000000000000</Quality>
      </OSV>
      <OSV>
        <TAI>TAI=2019-09-14T10:36:50.651521</TAI>
        <UTC>UTC=2019-09-14T10:36:13.651521</UTC>
        <UT1>UT1=2019-09-14T10:36:13.496646</UT1>
        <Absolute_Orbit>+00001</Absolute_Orbit>
        <X unit="m">+6116531.759</X>
        <Y unit="m">+0394132.667</Y>
        <Z unit="m">+3710684.010</Z>
        <VX unit="m/s">+3917.696598</VX>
        <VY unit="m/s">-1497.279880</VY>
        <VZ unit="m/s">-6279.274365</VZ>
        <Quality>0000000000000</Quality>
      </OSV>
      <OSV>
        <TAI>TAI=2019-09-14T10:36:50.658241</TAI>
        <UTC>UTC=2019-09-14T10:36:13.658241</UTC>
        <UT1>UT1=2019-09-14T10:36:13.503366</UT1>
        <Absolute_Orbit>+00001</Absolute_Orbit>
        <X unit="m">+6116558.086</X>
        <Y unit="m">+0394122.605</Y>
        <Z unit="m">+3710641.813</Z>
        <VX unit="m/s">+3917.650826</VX>
        <VY unit="m/s">-1497.286575</VY>
        <VZ unit="m/s">-6279.301445</VZ>
        <Quality>0000000000000</Quality>
      </OSV>
      <OSV>
        <TAI>TAI=2019-09-14T10:36:50.664961</TAI>
        <UTC>UTC=2019-09-14T10:36:13.664961</UTC>
        <UT1>UT1=2019-09-14T10:36:13.510086</UT1>
        <Absolute_Orbit>+00001</Absolute_Orbit>
        <X unit="m">+6116584.412</X>
        <Y unit="m">+0394112.544</Y>
        <Z unit="m">+3710599.616</Z>
        <VX unit="m/s">+3917.605054</VX>
        <VY unit="m/s">-1497.293269</VY>
        <VZ unit="m/s">-6279.328524</VZ>
        <Quality>0000000000000</Quality>
      </OSV>
      <OSV>
        <TAI>TAI=2019-09-14T10:36:50.671681</TAI>
        <UTC>UTC=2019-09-14T10:36:13.671681</UTC>
        <UT1>UT1=2019-09-14T10:36:13.516806</UT1>
        <Absolute_Orbit>+00001</Absolute_Orbit>
        <X unit="m">+6116610.738</X>
        <Y unit="m">+0394102.482</Y>
        <Z unit="m">+3710557.419</Z>
        <VX unit="m/s">+3917.559282</VX>
        <VY unit="m/s">-1497.299963</VY>
        <VZ unit="m/s">-6279.355604</VZ>
        <Quality>0000000000000</Quality>
      </OSV>
      <OSV>
        <TAI>TAI=2019-09-14T10:36:50.678401</TAI>
        <UTC>UTC=2019-09-14T10:36:13.678401</UTC>
        <UT1>UT1=2019-09-14T10:36:13.523526</UT1>
        <Absolute_Orbit>+00001</Absolute_Orbit>
        <X unit="m">+6116637.064</X>
        <Y unit="m">+0394092.420</Y>
        <Z unit="m">+3710515.222</Z>
        <VX unit="m/s">+3917.513510</VX>
        <VY unit="m/s">-1497.306657</VY>
        <VZ unit="m/s">-6279.382682</VZ>
        <Quality>0000000000000</Quality>
      </OSV>
      <OSV>
        <TAI>TAI=2019-09-14T10:36:50.685121</TAI>
        <UTC>UTC=2019-09-14T10:36:13.685121</UTC>
        <UT1>UT1=2019-09-14T10:36:13.530246</UT1>
        <Absolute_Orbit>+00001</Absolute_Orbit>
        <X unit="m">+6116663.390</X>
        <Y unit="m">+0394082.358</Y>
        <Z unit="m">+3710473.024</Z>
        <VX unit="m/s">+3917.467737</VX>
        <VY unit="m/s">-1497.313351</VY>
        <VZ unit="m/s">-6279.409761</VZ>
        <Quality>0000000000000</Quality>
      </OSV>
      <OSV>
        <TAI>TAI=2019-09-14T10:36:50.691841</TAI>
        <UTC>UTC=2019-09-14T10:36:13.691841</UTC>
        <UT1>UT1=2019-09-14T10:36:13.536966</UT1>
        <Absolute_Orbit>+00001</Absolute_Orbit>
        <X unit="m">+6116689.715</X>
        <Y unit="m">+0394072.296</Y>
        <Z unit="m">+3710430.826</Z>
        <VX unit="m/s">+3917.421964</VX>
        <VY unit="m/s">-1497.320045</VY>
        <VZ unit="m/s">-6279.436840</VZ>
        <Quality>0000000000000</Quality>
      </OSV>
      <OSV>
        <TAI>TAI=2019-09-14T10:36:50.698561</TAI>
        <UTC>UTC=2019-09-14T10:36:13.698561</UTC>
        <UT1>UT1=2019-09-14T10:36:13.543686</UT1>
        <Absolute_Orbit>+00001</Absolute_Orbit>
        <X unit="m">+6116716.039</X>
        <Y unit="m">+0394062.234</Y>
        <Z unit="m">+3710388.629</Z>
        <VX unit="m/s">+3917.376191</VX>
        <VY unit="m/s">-1497.326738</VY>
        <VZ unit="m/s">-6279.463918</VZ>
        <Quality>0000000000000</Quality>
      </OSV>
      <OSV>
        <TAI>TAI=2019-09-14T10:36:50.705281</TAI>
        <UTC>UTC=2019-09-14T10:36:13.705281</UTC>
        <UT1>UT1=2019-09-14T10:36:13.550406</UT1>
        <Absolute_Orbit>+00001</Absolute_Orbit>
        <X unit="m">+6116742.364</X>
        <Y unit="m">+0394052.172</Y>
        <Z unit="m">+3710346.430</Z>
        <VX unit="m/s">+3917.330418</VX>
        <VY unit="m/s">-1497.333432</VY>
        <VZ unit="m/s">-6279.490996</VZ>
        <Quality>0000000000000</Quality>
      </OSV>
      <OSV>
        <TAI>TAI=2019-09-14T10:36:50.712001</TAI>
        <UTC>UTC=2019-09-14T10:36:13.712001</UTC>
        <UT1>UT1=2019-09-14T10:36:13.557126</UT1>
        <Absolute_Orbit>+00001</Absolute_Orbit>
        <X unit="m">+6116768.688</X>
        <Y unit="m">+0394042.110</Y>
        <Z unit="m">+3710304.232</Z>
        <VX unit="m/s">+3917.284645</VX>
        <VY unit="m/s">-1497.340125</VY>
        <VZ unit="m/s">-6279.518073</VZ>
        <Quality>0000000000000</Quality>
      </OSV>
      <OSV>
        <TAI>TAI=2019-09-14T10:36:50.718721</TAI>
        <UTC>UTC=2019-09-14T10:36:13.718721</UTC>
        <UT1>UT1=2019-09-14T10:36:13.563846</UT1>
        <Absolute_Orbit>+00001</Absolute_Orbit>
        <X unit="m">+6116795.012</X>
        <Y unit="m">+0394032.047</Y>
        <Z unit="m">+3710262.034</Z>
        <VX unit="m/s">+3917.238871</VX>
        <VY unit="m/s">-1497.346819</VY>
        <VZ unit="m/s">-6279.545150</VZ>
        <Quality>0000000000000</Quality>
      </OSV>
      <OSV>
        <TAI>TAI=2019-09-14T10:36:50.725441</TAI>
        <UTC>UTC=2019-09-14T10:36:13.725441</UTC>
        <UT1>UT1=2019-09-14T10:36:13.570566</UT1>
        <Absolute_Orbit>+00001</Absolute_Orbit>
        <X unit="m">+6116821.336</X>
        <Y unit="m">+0394021.985</Y>
        <Z unit="m">+3710219.835</Z>
        <VX unit="m/s">+3917.193098</VX>
        <VY unit="m/s">-1497.353512</VY>
        <VZ unit="m/s">-6279.572227</VZ>
        <Quality>0000000000000</Quality>
      </OSV>
      <OSV>
        <TAI>TAI=2019-09-14T10:36:50.732161</TAI>
        <UTC>UTC=2019-09-14T10:36:13.732161</UTC>
        <UT1>UT1=2019-09-14T10:36:13.577286</UT1>
        <Absolute_Orbit>+00001</Absolute_Orbit>
        <X unit="m">+6116847.659</X>
        <Y unit="m">+0394011.923</Y>
        <Z unit="m">+3710177.636</Z>
        <VX unit="m/s">+3917.147324</VX>
        <VY unit="m/s">-1497.360205</VY>
        <VZ unit="m/s">-6279.599304</VZ>
        <Quality>0000000000000</Quality>
      </OSV>
      <OSV>
        <TAI>TAI=2019-09-14T10:36:50.738881</TAI>
        <UTC>UTC=2019-09-14T10:36:13.738881</UTC>
        <UT1>UT1=2019-09-14T10:36:13.584006</UT1>
        <Absolute_Orbit>+00001</Absolute_Orbit>
        <X unit="m">+6116873.982</X>
        <Y unit="m">+0394001.861</Y>
        <Z unit="m">+3710135.437</Z>
        <VX unit="m/s">+3917.101549</VX>
        <VY unit="m/s">-1497.366898</VY>
        <VZ unit="m/s">-6279.626380</VZ>
        <Quality>0000000000000</Quality>
      </OSV>
      <OSV>
        <TAI>TAI=2019-09-14T10:36:50.745601</TAI>
        <UTC>UTC=2019-09-14T10:36:13.745601</UTC>
        <UT1>UT1=2019-09-14T10:36:13.590726</UT1>
        <Absolute_Orbit>+00001</Absolute_Orbit>
        <X unit="m">+6116900.305</X>
        <Y unit="m">+0393991.798</Y>
        <Z unit="m">+3710093.238</Z>
        <VX unit="m/s">+3917.055775</VX>
        <VY unit="m/s">-1497.373591</VY>
        <VZ unit="m/s">-6279.653456</VZ>
        <Quality>0000000000000</Quality>
      </OSV>
      <OSV>
        <TAI>TAI=2019-09-14T10:36:50.752321</TAI>
        <UTC>UTC=2019-09-14T10:36:13.752321</UTC>
        <UT1>UT1=2019-09-14T10:36:13.597446</UT1>
        <Absolute_Orbit>+00001</Absolute_Orbit>
        <X unit="m">+6116926.627</X>
        <Y unit="m">+0393981.736</Y>
        <Z unit="m">+3710051.039</Z>
        <VX unit="m/s">+3917.010000</VX>
        <VY unit="m/s">-1497.380284</VY>
        <VZ unit="m/s">-6279.680532</VZ>
        <Quality>0000000000000</Quality>
      </OSV>
      <OSV>
        <TAI>TAI=2019-09-14T10:36:50.759041</TAI>
        <UTC>UTC=2019-09-14T10:36:13.759041</UTC>
        <UT1>UT1=2019-09-14T10:36:13.604166</UT1>
        <Absolute_Orbit>+00001</Absolute_Orbit>
        <X unit="m">+6116952.949</X>
        <Y unit="m">+0393971.674</Y>
        <Z unit="m">+3710008.839</Z>
        <VX unit="m/s">+3916.964226</VX>
        <VY unit="m/s">-1497.386976</VY>
        <VZ unit="m/s">-6279.707607</VZ>
        <Quality>0000000000000</Quality>
      </OSV>
      <OSV>
        <TAI>TAI=2019-09-14T10:36:50.765761</TAI>
        <UTC>UTC=2019-09-14T10:36:13.765761</UTC>
        <UT1>UT1=2019-09-14T10:36:13.610886</UT1>
        <Absolute_Orbit>+00001</Absolute_Orbit>
        <X unit="m">+6116979.271</X>
        <Y unit="m">+0393961.611</Y>
        <Z unit="m">+3709966.639</Z>
        <VX unit="m/s">+3916.918451</VX>
        <VY unit="m/s">-1497.393669</VY>
        <VZ unit="m/s">-6279.734682</VZ>
        <Quality>0000000000000</Quality>
      </OSV>
      <OSV>
        <TAI>TAI=2019-09-14T10:36:50.772481</TAI>
        <UTC>UTC=2019-09-14T10:36:13.772481</UTC>
        <UT1>UT1=2019-09-14T10:36:13.617606</UT1>
        <Absolute_Orbit>+00001</Absolute_Orbit>
        <X unit="m">+6117005.592</X>
        <Y unit="m">+0393951.549</Y>
        <Z unit="m">+3709924.440</Z>
        <VX unit="m/s">+3916.872676</VX>
        <VY unit="m/s">-1497.400361</VY>
        <VZ unit="m/s">-6279.761756</VZ>
        <Quality>0000000000000</Quality>
      </OSV>
      <OSV>
        <TAI>TAI=2019-09-14T10:36:50.779201</TAI>
        <UTC>UTC=2019-09-14T10:36:13.779201</UTC>
        <UT1>UT1=2019-09-14T10:36:13.624326</UT1>
        <Absolute_Orbit>+00001</Absolute_Orbit>
        <X unit="m">+6117031.914</X>
        <Y unit="m">+0393941.486</Y>
        <Z unit="m">+3709882.239</Z>
        <VX unit="m/s">+3916.826900</VX>
        <VY unit="m/s">-1497.407053</VY>
        <VZ unit="m/s">-6279.788831</VZ>
        <Quality>0000000000000</Quality>
      </OSV>
      <OSV>
        <TAI>TAI=2019-09-14T10:36:50.785921</TAI>
        <UTC>UTC=2019-09-14T10:36:13.785921</UTC>
        <UT1>UT1=2019-09-14T10:36:13.631046</UT1>
        <Absolute_Orbit>+00001</Absolute_Orbit>
        <X unit="m">+6117058.235</X>
        <Y unit="m">+0393931.423</Y>
        <Z unit="m">+3709840.039</Z>
        <VX unit="m/s">+3916.781125</VX>
        <VY unit="m/s">-1497.413746</VY>
        <VZ unit="m/s">-6279.815905</VZ>
        <Quality>0000000000000</Quality>
      </OSV>
      <OSV>
        <TAI>TAI=2019-09-14T10:36:50.792641</TAI>
        <UTC>UTC=2019-09-14T10:36:13.792641</UTC>
        <UT1>UT1=2019-09-14T10:36:13.637766</UT1>
        <Absolute_Orbit>+00001</Absolute_Orbit>
        <X unit="m">+6117084.555</X>
        <Y unit="m">+0393921.361</Y>
        <Z unit="m">+3709797.839</Z>
        <VX unit="m/s">+3916.735349</VX>
        <VY unit="m/s">-1497.420437</VY>
        <VZ unit="m/s">-6279.842979</VZ>
        <Quality>0000000000000</Quality>
      </OSV>
      <OSV>
        <TAI>TAI=2019-09-14T10:36:50.799361</TAI>
        <UTC>UTC=2019-09-14T10:36:13.799361</UTC>
        <UT1>UT1=2019-09-14T10:36:13.644486</UT1>
        <Absolute_Orbit>+00001</Absolute_Orbit>
        <X unit="m">+6117110.875</X>
        <Y unit="m">+0393911.298</Y>
        <Z unit="m">+3709755.638</Z>
        <VX unit="m/s">+3916.689573</VX>
        <VY unit="m/s">-1497.427129</VY>
        <VZ unit="m/s">-6279.870052</VZ>
        <Quality>0000000000000</Quality>
      </OSV>
      <OSV>
        <TAI>TAI=2019-09-14T10:36:50.806081</TAI>
        <UTC>UTC=2019-09-14T10:36:13.806081</UTC>
        <UT1>UT1=2019-09-14T10:36:13.651206</UT1>
        <Absolute_Orbit>+00001</Absolute_Orbit>
        <X unit="m">+6117137.195</X>
        <Y unit="m">+0393901.235</Y>
        <Z unit="m">+3709713.437</Z>
        <VX unit="m/s">+3916.643797</VX>
        <VY unit="m/s">-1497.433821</VY>
        <VZ unit="m/s">-6279.897125</VZ>
        <Quality>0000000000000</Quality>
      </OSV>
      <OSV>
        <TAI>TAI=2019-09-14T10:36:50.812801</TAI>
        <UTC>UTC=2019-09-14T10:36:13.812801</UTC>
        <UT1>UT1=2019-09-14T10:36:13.657926</UT1>
        <Absolute_Orbit>+00001</Absolute_Orbit>
        <X unit="m">+6117163.515</X>
        <Y unit="m">+0393891.172</Y>
        <Z unit="m">+3709671.236</Z>
        <VX unit="m/s">+3916.598021</VX>
        <VY unit="m/s">-1497.440513</VY>
        <VZ unit="m/s">-6279.924198</VZ>
        <Quality>0000000000000</Quality>
      </OSV>
      <OSV>
        <TAI>TAI=2019-09-14T10:36:50.819521</TAI>
        <UTC>UTC=2019-09-14T10:36:13.819521</UTC>
        <UT1>UT1=2019-09-14T10:36:13.664646</UT1>
        <Absolute_Orbit>+00001</Absolute_Orbit>
        <X unit="m">+6117189.834</X>
        <Y unit="m">+0393881.110</Y>
        <Z unit="m">+3709629.035</Z>
        <VX unit="m/s">+3916.552245</VX>
        <VY unit="m/s">-1497.447204</VY>
        <VZ unit="m/s">-6279.951271</VZ>
        <Quality>0000000000000</Quality>
      </OSV>
      <OSV>
        <TAI>TAI=2019-09-14T10:36:50.826241</TAI>
        <UTC>UTC=2019-09-14T10:36:13.826241</UTC>
        <UT1>UT1=2019-09-14T10:36:13.671366</UT1>
        <Absolute_Orbit>+00001</Absolute_Orbit>
        <X unit="m">+6117216.153</X>
        <Y unit="m">+0393871.047</Y>
        <Z unit="m">+3709586.834</Z>
        <VX unit="m/s">+3916.506468</VX>
        <VY unit="m/s">-1497.453896</VY>
        <VZ unit="m/s">-6279.978343</VZ>
        <Quality>0000000000000</Quality>
      </OSV>
      <OSV>
        <TAI>TAI=2019-09-14T10:36:50.832961</TAI>
        <UTC>UTC=2019-09-14T10:36:13.832961</UTC>
        <UT1>UT1=2019-09-14T10:36:13.678086</UT1>
        <Absolute_Orbit>+00001</Absolute_Orbit>
        <X unit="m">+6117242.472</X>
        <Y unit="m">+0393860.984</Y>
        <Z unit="m">+3709544.632</Z>
        <VX unit="m/s">+3916.460691</VX>
        <VY unit="m/s">-1497.460587</VY>
        <VZ unit="m/s">-6280.005415</VZ>
        <Quality>0000000000000</Quality>
      </OSV>
      <OSV>
        <TAI>TAI=2019-09-14T10:36:50.839681</TAI>
        <UTC>UTC=2019-09-14T10:36:13.839681</UTC>
        <UT1>UT1=2019-09-14T10:36:13.684806</UT1>
        <Absolute_Orbit>+00001</Absolute_Orbit>
        <X unit="m">+6117268.790</X>
        <Y unit="m">+0393850.921</Y>
        <Z unit="m">+3709502.430</Z>
        <VX unit="m/s">+3916.414914</VX>
        <VY unit="m/s">-1497.467278</VY>
        <VZ unit="m/s">-6280.032487</VZ>
        <Quality>0000000000000</Quality>
      </OSV>
      <OSV>
        <TAI>TAI=2019-09-14T10:36:50.846401</TAI>
        <UTC>UTC=2019-09-14T10:36:13.846401</UTC>
        <UT1>UT1=2019-09-14T10:36:13.691526</UT1>
        <Absolute_Orbit>+00001</Absolute_Orbit>
        <X unit="m">+6117295.108</X>
        <Y unit="m">+0393840.858</Y>
        <Z unit="m">+3709460.228</Z>
        <VX unit="m/s">+3916.369136</VX>
        <VY unit="m/s">-1497.473969</VY>
        <VZ unit="m/s">-6280.059558</VZ>
        <Quality>0000000000000</Quality>
      </OSV>
      <OSV>
        <TAI>TAI=2019-09-14T10:36:50.853121</TAI>
        <UTC>UTC=2019-09-14T10:36:13.853121</UTC>
        <UT1>UT1=2019-09-14T10:36:13.698246</UT1>
        <Absolute_Orbit>+00001</Absolute_Orbit>
        <X unit="m">+6117321.426</X>
        <Y unit="m">+0393830.795</Y>
        <Z unit="m">+3709418.026</Z>
        <VX unit="m/s">+3916.323359</VX>
        <VY unit="m/s">-1497.480660</VY>
        <VZ unit="m/s">-6280.086629</VZ>
        <Quality>0000000000000</Quality>
      </OSV>
      <OSV>
        <TAI>TAI=2019-09-14T10:36:50.859841</TAI>
        <UTC>UTC=2019-09-14T10:36:13.859841</UTC>
        <UT1>UT1=2019-09-14T10:36:13.704966</UT1>
        <Absolute_Orbit>+00001</Absolute_Orbit>
        <X unit="m">+6117347.744</X>
        <Y unit="m">+0393820.732</Y>
        <Z unit="m">+3709375.824</Z>
        <VX unit="m/s">+3916.277581</VX>
        <VY unit="m/s">-1497.487351</VY>
        <VZ unit="m/s">-6280.113700</VZ>
        <Quality>0000000000000</Quality>
      </OSV>
      <OSV>
        <TAI>TAI=2019-09-14T10:36:50.866561</TAI>
        <UTC>UTC=2019-09-14T10:36:13.866561</UTC>
        <UT1>UT1=2019-09-14T10:36:13.711686</UT1>
        <Absolute_Orbit>+00001</Absolute_Orbit>
        <X unit="m">+6117374.061</X>
        <Y unit="m">+0393810.669</Y>
        <Z unit="m">+3709333.622</Z>
        <VX unit="m/s">+3916.231804</VX>
        <VY unit="m/s">-1497.494042</VY>
        <VZ unit="m/s">-6280.140770</VZ>
        <Quality>0000000000000</Quality>
      </OSV>
      <OSV>
        <TAI>TAI=2019-09-14T10:36:50.873281</TAI>
        <UTC>UTC=2019-09-14T10:36:13.873281</UTC>
        <UT1>UT1=2019-09-14T10:36:13.718406</UT1>
        <Absolute_Orbit>+00001</Absolute_Orbit>
        <X unit="m">+6117400.378</X>
        <Y unit="m">+0393800.605</Y>
        <Z unit="m">+3709291.419</Z>
        <VX unit="m/s">+3916.186025</VX>
        <VY unit="m/s">-1497.500733</VY>
        <VZ unit="m/s">-6280.167840</VZ>
        <Quality>0000000000000</Quality>
      </OSV>
      <OSV>
        <TAI>TAI=2019-09-14T10:36:50.880001</TAI>
        <UTC>UTC=2019-09-14T10:36:13.880001</UTC>
        <UT1>UT1=2019-09-14T10:36:13.725126</UT1>
        <Absolute_Orbit>+00001</Absolute_Orbit>
        <X unit="m">+6117426.694</X>
        <Y unit="m">+0393790.542</Y>
        <Z unit="m">+3709249.216</Z>
        <VX unit="m/s">+3916.140247</VX>
        <VY unit="m/s">-1497.507423</VY>
        <VZ unit="m/s">-6280.194910</VZ>
        <Quality>0000000000000</Quality>
      </OSV>
      <OSV>
        <TAI>TAI=2019-09-14T10:36:50.886721</TAI>
        <UTC>UTC=2019-09-14T10:36:13.886721</UTC>
        <UT1>UT1=2019-09-14T10:36:13.731846</UT1>
        <Absolute_Orbit>+00001</Absolute_Orbit>
        <X unit="m">+6117453.010</X>
        <Y unit="m">+0393780.479</Y>
        <Z unit="m">+3709207.013</Z>
        <VX unit="m/s">+3916.094469</VX>
        <VY unit="m/s">-1497.514113</VY>
        <VZ unit="m/s">-6280.221980</VZ>
        <Quality>0000000000000</Quality>
      </OSV>
      <OSV>
        <TAI>TAI=2019-09-14T10:36:50.893441</TAI>
        <UTC>UTC=2019-09-14T10:36:13.893441</UTC>
        <UT1>UT1=2019-09-14T10:36:13.738566</UT1>
        <Absolute_Orbit>+00001</Absolute_Orbit>
        <X unit="m">+6117479.326</X>
        <Y unit="m">+0393770.415</Y>
        <Z unit="m">+3709164.810</Z>
        <VX unit="m/s">+3916.048690</VX>
        <VY unit="m/s">-1497.520804</VY>
        <VZ unit="m/s">-6280.249049</VZ>
        <Quality>0000000000000</Quality>
      </OSV>
      <OSV>
        <TAI>TAI=2019-09-14T10:36:50.900161</TAI>
        <UTC>UTC=2019-09-14T10:36:13.900161</UTC>
        <UT1>UT1=2019-09-14T10:36:13.745286</UT1>
        <Absolute_Orbit>+00001</Absolute_Orbit>
        <X unit="m">+6117505.642</X>
        <Y unit="m">+0393760.352</Y>
        <Z unit="m">+3709122.607</Z>
        <VX unit="m/s">+3916.002911</VX>
        <VY unit="m/s">-1497.527494</VY>
        <VZ unit="m/s">-6280.276118</VZ>
        <Quality>0000000000000</Quality>
      </OSV>
      <OSV>
        <TAI>TAI=2019-09-14T10:36:50.906881</TAI>
        <UTC>UTC=2019-09-14T10:36:13.906881</UTC>
        <UT1>UT1=2019-09-14T10:36:13.752006</UT1>
        <Absolute_Orbit>+00001</Absolute_Orbit>
        <X unit="m">+6117531.957</X>
        <Y unit="m">+0393750.289</Y>
        <Z unit="m">+3709080.403</Z>
        <VX unit="m/s">+3915.957132</VX>
        <VY unit="m/s">-1497.534184</VY>
        <VZ unit="m/s">-6280.303186</VZ>
        <Quality>0000000000000</Quality>
      </OSV>
      <OSV>
        <TAI>TAI=2019-09-14T10:36:50.913601</TAI>
        <UTC>UTC=2019-09-14T10:36:13.913601</UTC>
        <UT1>UT1=2019-09-14T10:36:13.758726</UT1>
        <Absolute_Orbit>+00001</Absolute_Orbit>
        <X unit="m">+6117558.272</X>
        <Y unit="m">+0393740.225</Y>
        <Z unit="m">+3709038.199</Z>
        <VX unit="m/s">+3915.911353</VX>
        <VY unit="m/s">-1497.540874</VY>
        <VZ unit="m/s">-6280.330254</VZ>
        <Quality>0000000000000</Quality>
      </OSV>
      <OSV>
        <TAI>TAI=2019-09-14T10:36:50.920321</TAI>
        <UTC>UTC=2019-09-14T10:36:13.920321</UTC>
        <UT1>UT1=2019-09-14T10:36:13.765446</UT1>
        <Absolute_Orbit>+00001</Absolute_Orbit>
        <X unit="m">+6117584.587</X>
        <Y unit="m">+0393730.162</Y>
        <Z unit="m">+3708995.995</Z>
        <VX unit="m/s">+3915.865573</VX>
        <VY unit="m/s">-1497.547564</VY>
        <VZ unit="m/s">-6280.357322</VZ>
        <Quality>0000000000000</Quality>
      </OSV>
      <OSV>
        <TAI>TAI=2019-09-14T10:36:50.927041</TAI>
        <UTC>UTC=2019-09-14T10:36:13.927041</UTC>
        <UT1>UT1=2019-09-14T10:36:13.772166</UT1>
        <Absolute_Orbit>+00001</Absolute_Orbit>
        <X unit="m">+6117610.901</X>
        <Y unit="m">+0393720.098</Y>
        <Z unit="m">+3708953.791</Z>
        <VX unit="m/s">+3915.819794</VX>
        <VY unit="m/s">-1497.554253</VY>
        <VZ unit="m/s">-6280.384390</VZ>
        <Quality>0000000000000</Quality>
      </OSV>
      <OSV>
        <TAI>TAI=2019-09-14T10:36:50.933761</TAI>
        <UTC>UTC=2019-09-14T10:36:13.933761</UTC>
        <UT1>UT1=2019-09-14T10:36:13.778886</UT1>
        <Absolute_Orbit>+00001</Absolute_Orbit>
        <X unit="m">+6117637.215</X>
        <Y unit="m">+0393710.034</Y>
        <Z unit="m">+3708911.587</Z>
        <VX unit="m/s">+3915.774014</VX>
        <VY unit="m/s">-1497.560943</VY>
        <VZ unit="m/s">-6280.411457</VZ>
        <Quality>0000000000000</Quality>
      </OSV>
      <OSV>
        <TAI>TAI=2019-09-14T10:36:50.940481</TAI>
        <UTC>UTC=2019-09-14T10:36:13.940481</UTC>
        <UT1>UT1=2019-09-14T10:36:13.785606</UT1>
        <Absolute_Orbit>+00001</Absolute_Orbit>
        <X unit="m">+6117663.529</X>
        <Y unit="m">+0393699.971</Y>
        <Z unit="m">+3708869.382</Z>
        <VX unit="m/s">+3915.728233</VX>
        <VY unit="m/s">-1497.567632</VY>
        <VZ unit="m/s">-6280.438524</VZ>
        <Quality>0000000000000</Quality>
      </OSV>
      <OSV>
        <TAI>TAI=2019-09-14T10:36:50.947201</TAI>
        <UTC>UTC=2019-09-14T10:36:13.947201</UTC>
        <UT1>UT1=2019-09-14T10:36:13.792326</UT1>
        <Absolute_Orbit>+00001</Absolute_Orbit>
        <X unit="m">+6117689.843</X>
        <Y unit="m">+0393689.907</Y>
        <Z unit="m">+3708827.178</Z>
        <VX unit="m/s">+3915.682454</VX>
        <VY unit="m/s">-1497.574322</VY>
        <VZ unit="m/s">-6280.465591</VZ>
        <Quality>0000000000000</Quality>
      </OSV>
      <OSV>
        <TAI>TAI=2019-09-14T10:36:50.953921</TAI>
        <UTC>UTC=2019-09-14T10:36:13.953921</UTC>
        <UT1>UT1=2019-09-14T10:36:13.799046</UT1>
        <Absolute_Orbit>+00001</Absolute_Orbit>
        <X unit="m">+6117716.156</X>
        <Y unit="m">+0393679.843</Y>
        <Z unit="m">+3708784.973</Z>
        <VX unit="m/s">+3915.636673</VX>
        <VY unit="m/s">-1497.581011</VY>
        <VZ unit="m/s">-6280.492658</VZ>
        <Quality>0000000000000</Quality>
      </OSV>
      <OSV>
        <TAI>TAI=2019-09-14T10:36:50.960641</TAI>
        <UTC>UTC=2019-09-14T10:36:13.960641</UTC>
        <UT1>UT1=2019-09-14T10:36:13.805766</UT1>
        <Absolute_Orbit>+00001</Absolute_Orbit>
        <X unit="m">+6117742.469</X>
        <Y unit="m">+0393669.780</Y>
        <Z unit="m">+3708742.768</Z>
        <VX unit="m/s">+3915.590892</VX>
        <VY unit="m/s">-1497.587700</VY>
        <VZ unit="m/s">-6280.519723</VZ>
        <Quality>0000000000000</Quality>
      </OSV>
      <OSV>
        <TAI>TAI=2019-09-14T10:36:50.967361</TAI>
        <UTC>UTC=2019-09-14T10:36:13.967361</UTC>
        <UT1>UT1=2019-09-14T10:36:13.812486</UT1>
        <Absolute_Orbit>+00001</Absolute_Orbit>
        <X unit="m">+6117768.781</X>
        <Y unit="m">+0393659.716</Y>
        <Z unit="m">+3708700.563</Z>
        <VX unit="m/s">+3915.545111</VX>
        <VY unit="m/s">-1497.594389</VY>
        <VZ unit="m/s">-6280.546789</VZ>
        <Quality>0000000000000</Quality>
      </OSV>
      <OSV>
        <TAI>TAI=2019-09-14T10:36:50.974081</TAI>
        <UTC>UTC=2019-09-14T10:36:13.974081</UTC>
        <UT1>UT1=2019-09-14T10:36:13.819206</UT1>
        <Absolute_Orbit>+00001</Absolute_Orbit>
        <X unit="m">+6117795.093</X>
        <Y unit="m">+0393649.652</Y>
        <Z unit="m">+3708658.358</Z>
        <VX unit="m/s">+3915.499331</VX>
        <VY unit="m/s">-1497.601078</VY>
        <VZ unit="m/s">-6280.573855</VZ>
        <Quality>0000000000000</Quality>
      </OSV>
      <OSV>
        <TAI>TAI=2019-09-14T10:36:50.980801</TAI>
        <UTC>UTC=2019-09-14T10:36:13.980801</UTC>
        <UT1>UT1=2019-09-14T10:36:13.825926</UT1>
        <Absolute_Orbit>+00001</Absolute_Orbit>
        <X unit="m">+6117821.405</X>
        <Y unit="m">+0393639.588</Y>
        <Z unit="m">+3708616.152</Z>
        <VX unit="m/s">+3915.453549</VX>
        <VY unit="m/s">-1497.607766</VY>
        <VZ unit="m/s">-6280.600920</VZ>
        <Quality>0000000000000</Quality>
      </OSV>
      <OSV>
        <TAI>TAI=2019-09-14T10:36:50.987521</TAI>
        <UTC>UTC=2019-09-14T10:36:13.987521</UTC>
        <UT1>UT1=2019-09-14T10:36:13.832646</UT1>
        <Absolute_Orbit>+00001</Absolute_Orbit>
        <X unit="m">+6117847.717</X>
        <Y unit="m">+0393629.524</Y>
        <Z unit="m">+3708573.946</Z>
        <VX unit="m/s">+3915.407768</VX>
        <VY unit="m/s">-1497.614455</VY>
        <VZ unit="m/s">-6280.627985</VZ>
        <Quality>0000000000000</Quality>
      </OSV>
      <OSV>
        <TAI>TAI=2019-09-14T10:36:50.994241</TAI>
        <UTC>UTC=2019-09-14T10:36:13.994241</UTC>
        <UT1>UT1=2019-09-14T10:36:13.839366</UT1>
        <Absolute_Orbit>+00001</Absolute_Orbit>
        <X unit="m">+6117874.028</X>
        <Y unit="m">+0393619.460</Y>
        <Z unit="m">+3708531.740</Z>
        <VX unit="m/s">+3915.361986</VX>
        <VY unit="m/s">-1497.621143</VY>
        <VZ unit="m/s">-6280.655049</VZ>
        <Quality>0000000000000</Quality>
      </OSV>
      <OSV>
        <TAI>TAI=2019-09-14T10:36:51.000961</TAI>
        <UTC>UTC=2019-09-14T10:36:14.000961</UTC>
        <UT1>UT1=2019-09-14T10:36:13.846086</UT1>
        <Absolute_Orbit>+00001</Absolute_Orbit>
        <X unit="m">+6117900.339</X>
        <Y unit="m">+0393609.396</Y>
        <Z unit="m">+3708489.534</Z>
        <VX unit="m/s">+3915.316204</VX>
        <VY unit="m/s">-1497.627832</VY>
        <VZ unit="m/s">-6280.682114</VZ>
        <Quality>0000000000000</Quality>
      </OSV>
      <OSV>
        <TAI>TAI=2019-09-14T10:36:51.007681</TAI>
        <UTC>UTC=2019-09-14T10:36:14.007681</UTC>
        <UT1>UT1=2019-09-14T10:36:13.852806</UT1>
        <Absolute_Orbit>+00001</Absolute_Orbit>
        <X unit="m">+6117926.650</X>
        <Y unit="m">+0393599.332</Y>
        <Z unit="m">+3708447.328</Z>
        <VX unit="m/s">+3915.270422</VX>
        <VY unit="m/s">-1497.634520</VY>
        <VZ unit="m/s">-6280.709178</VZ>
        <Quality>0000000000000</Quality>
      </OSV>
      <OSV>
        <TAI>TAI=2019-09-14T10:36:51.014401</TAI>
        <UTC>UTC=2019-09-14T10:36:14.014401</UTC>
        <UT1>UT1=2019-09-14T10:36:13.859526</UT1>
        <Absolute_Orbit>+00001</Absolute_Orbit>
        <X unit="m">+6117952.960</X>
        <Y unit="m">+0393589.268</Y>
        <Z unit="m">+3708405.121</Z>
        <VX unit="m/s">+3915.224640</VX>
        <VY unit="m/s">-1497.641208</VY>
        <VZ unit="m/s">-6280.736241</VZ>
        <Quality>0000000000000</Quality>
      </OSV>
      <OSV>
        <TAI>TAI=2019-09-14T10:36:51.021121</TAI>
        <UTC>UTC=2019-09-14T10:36:14.021121</UTC>
        <UT1>UT1=2019-09-14T10:36:13.866246</UT1>
        <Absolute_Orbit>+00001</Absolute_Orbit>
        <X unit="m">+6117979.270</X>
        <Y unit="m">+0393579.204</Y>
        <Z unit="m">+3708362.915</Z>
        <VX unit="m/s">+3915.178858</VX>
        <VY unit="m/s">-1497.647896</VY>
        <VZ unit="m/s">-6280.763304</VZ>
        <Quality>0000000000000</Quality>
      </OSV>
      <OSV>
        <TAI>TAI=2019-09-14T10:36:51.027841</TAI>
        <UTC>UTC=2019-09-14T10:36:14.027841</UTC>
        <UT1>UT1=2019-09-14T10:36:13.872966</UT1>
        <Absolute_Orbit>+00001</Absolute_Orbit>
        <X unit="m">+6118005.580</X>
        <Y unit="m">+0393569.139</Y>
        <Z unit="m">+3708320.708</Z>
        <VX unit="m/s">+3915.133075</VX>
        <VY unit="m/s">-1497.654584</VY>
        <VZ unit="m/s">-6280.790368</VZ>
        <Quality>0000000000000</Quality>
      </OSV>
      <OSV>
        <TAI>TAI=2019-09-14T10:36:51.034561</TAI>
        <UTC>UTC=2019-09-14T10:36:14.034561</UTC>
        <UT1>UT1=2019-09-14T10:36:13.879686</UT1>
        <Absolute_Orbit>+00001</Absolute_Orbit>
        <X unit="m">+6118031.890</X>
        <Y unit="m">+0393559.075</Y>
        <Z unit="m">+3708278.501</Z>
        <VX unit="m/s">+3915.087292</VX>
        <VY unit="m/s">-1497.661272</VY>
        <VZ unit="m/s">-6280.817430</VZ>
        <Quality>0000000000000</Quality>
      </OSV>
      <OSV>
        <TAI>TAI=2019-09-14T10:36:51.041281</TAI>
        <UTC>UTC=2019-09-14T10:36:14.041281</UTC>
        <UT1>UT1=2019-09-14T10:36:13.886406</UT1>
        <Absolute_Orbit>+00001</Absolute_Orbit>
        <X unit="m">+6118058.199</X>
        <Y unit="m">+0393549.011</Y>
        <Z unit="m">+3708236.294</Z>
        <VX unit="m/s">+3915.041509</VX>
        <VY unit="m/s">-1497.667960</VY>
        <VZ unit="m/s">-6280.844493</VZ>
        <Quality>0000000000000</Quality>
      </OSV>
      <OSV>
        <TAI>TAI=2019-09-14T10:36:51.048001</TAI>
        <UTC>UTC=2019-09-14T10:36:14.048001</UTC>
        <UT1>UT1=2019-09-14T10:36:13.893126</UT1>
        <Absolute_Orbit>+00001</Absolute_Orbit>
        <X unit="m">+6118084.508</X>
        <Y unit="m">+0393538.946</Y>
        <Z unit="m">+3708194.086</Z>
        <VX unit="m/s">+3914.995726</VX>
        <VY unit="m/s">-1497.674647</VY>
        <VZ unit="m/s">-6280.871555</VZ>
        <Quality>0000000000000</Quality>
      </OSV>
      <OSV>
        <TAI>TAI=2019-09-14T10:36:51.054721</TAI>
        <UTC>UTC=2019-09-14T10:36:14.054721</UTC>
        <UT1>UT1=2019-09-14T10:36:13.899846</UT1>
        <Absolute_Orbit>+00001</Absolute_Orbit>
        <X unit="m">+6118110.816</X>
        <Y unit="m">+0393528.882</Y>
        <Z unit="m">+3708151.879</Z>
        <VX unit="m/s">+3914.949943</VX>
        <VY unit="m/s">-1497.681335</VY>
        <VZ unit="m/s">-6280.898617</VZ>
        <Quality>0000000000000</Quality>
      </OSV>
      <OSV>
        <TAI>TAI=2019-09-14T10:36:51.061441</TAI>
        <UTC>UTC=2019-09-14T10:36:14.061441</UTC>
        <UT1>UT1=2019-09-14T10:36:13.906566</UT1>
        <Absolute_Orbit>+00001</Absolute_Orbit>
        <X unit="m">+6118137.124</X>
        <Y unit="m">+0393518.818</Y>
        <Z unit="m">+3708109.671</Z>
        <VX unit="m/s">+3914.904159</VX>
        <VY unit="m/s">-1497.688022</VY>
        <VZ unit="m/s">-6280.925678</VZ>
        <Quality>0000000000000</Quality>
      </OSV>
      <OSV>
        <TAI>TAI=2019-09-14T10:36:51.068161</TAI>
        <UTC>UTC=2019-09-14T10:36:14.068161</UTC>
        <UT1>UT1=2019-09-14T10:36:13.913286</UT1>
        <Absolute_Orbit>+00001</Absolute_Orbit>
        <X unit="m">+6118163.432</X>
        <Y unit="m">+0393508.753</Y>
        <Z unit="m">+3708067.463</Z>
        <VX unit="m/s">+3914.858375</VX>
        <VY unit="m/s">-1497.694709</VY>
        <VZ unit="m/s">-6280.952739</VZ>
        <Quality>0000000000000</Quality>
      </OSV>
      <OSV>
        <TAI>TAI=2019-09-14T10:36:51.074881</TAI>
        <UTC>UTC=2019-09-14T10:36:14.074881</UTC>
        <UT1>UT1=2019-09-14T10:36:13.920006</UT1>
        <Absolute_Orbit>+00001</Absolute_Orbit>
        <X unit="m">+6118189.740</X>
        <Y unit="m">+0393498.688</Y>
        <Z unit="m">+3708025.255</Z>
        <VX unit="m/s">+3914.812591</VX>
        <VY unit="m/s">-1497.701396</VY>
        <VZ unit="m/s">-6280.979800</VZ>
        <Quality>0000000000000</Quality>
      </OSV>
      <OSV>
        <TAI>TAI=2019-09-14T10:36:51.081601</TAI>
        <UTC>UTC=2019-09-14T10:36:14.081601</UTC>
        <UT1>UT1=2019-09-14T10:36:13.926726</UT1>
        <Absolute_Orbit>+00001</Absolute_Orbit>
        <X unit="m">+6118216.047</X>
        <Y unit="m">+0393488.624</Y>
        <Z unit="m">+3707983.047</Z>
        <VX unit="m/s">+3914.766807</VX>
        <VY unit="m/s">-1497.708083</VY>
        <VZ unit="m/s">-6281.006861</VZ>
        <Quality>0000000000000</Quality>
      </OSV>
      <OSV>
        <TAI>TAI=2019-09-14T10:36:51.088321</TAI>
        <UTC>UTC=2019-09-14T10:36:14.088321</UTC>
        <UT1>UT1=2019-09-14T10:36:13.933446</UT1>
        <Absolute_Orbit>+00001</Absolute_Orbit>
        <X unit="m">+6118242.354</X>
        <Y unit="m">+0393478.559</Y>
        <Z unit="m">+3707940.838</Z>
        <VX unit="m/s">+3914.721022</VX>
        <VY unit="m/s">-1497.714770</VY>
        <VZ unit="m/s">-6281.033921</VZ>
        <Quality>0000000000000</Quality>
      </OSV>
      <OSV>
        <TAI>TAI=2019-09-14T10:36:51.095041</TAI>
        <UTC>UTC=2019-09-14T10:36:14.095041</UTC>
        <UT1>UT1=2019-09-14T10:36:13.940166</UT1>
        <Absolute_Orbit>+00001</Absolute_Orbit>
        <X unit="m">+6118268.661</X>
        <Y unit="m">+0393468.495</Y>
        <Z unit="m">+3707898.630</Z>
        <VX unit="m/s">+3914.675238</VX>
        <VY unit="m/s">-1497.721457</VY>
        <VZ unit="m/s">-6281.060981</VZ>
        <Quality>0000000000000</Quality>
      </OSV>
      <OSV>
        <TAI>TAI=2019-09-14T10:36:51.101761</TAI>
        <UTC>UTC=2019-09-14T10:36:14.101761</UTC>
        <UT1>UT1=2019-09-14T10:36:13.946886</UT1>
        <Absolute_Orbit>+00001</Absolute_Orbit>
        <X unit="m">+6118294.967</X>
        <Y unit="m">+0393458.430</Y>
        <Z unit="m">+3707856.421</Z>
        <VX unit="m/s">+3914.629453</VX>
        <VY unit="m/s">-1497.728143</VY>
        <VZ unit="m/s">-6281.088040</VZ>
        <Quality>0000000000000</Quality>
      </OSV>
      <OSV>
        <TAI>TAI=2019-09-14T10:36:51.108481</TAI>
        <UTC>UTC=2019-09-14T10:36:14.108481</UTC>
        <UT1>UT1=2019-09-14T10:36:13.953606</UT1>
        <Absolute_Orbit>+00001</Absolute_Orbit>
        <X unit="m">+6118321.274</X>
        <Y unit="m">+0393448.365</Y>
        <Z unit="m">+3707814.212</Z>
        <VX unit="m/s">+3914.583668</VX>
        <VY unit="m/s">-1497.734830</VY>
        <VZ unit="m/s">-6281.115100</VZ>
        <Quality>0000000000000</Quality>
      </OSV>
      <OSV>
        <TAI>TAI=2019-09-14T10:36:51.115201</TAI>
        <UTC>UTC=2019-09-14T10:36:14.115201</UTC>
        <UT1>UT1=2019-09-14T10:36:13.960326</UT1>
        <Absolute_Orbit>+00001</Absolute_Orbit>
        <X unit="m">+6118347.579</X>
        <Y unit="m">+0393438.300</Y>
        <Z unit="m">+3707772.003</Z>
        <VX unit="m/s">+3914.537883</VX>
        <VY unit="m/s">-1497.741516</VY>
        <VZ unit="m/s">-6281.142159</VZ>
        <Quality>0000000000000</Quality>
      </OSV>
      <OSV>
        <TAI>TAI=2019-09-14T10:36:51.121921</TAI>
        <UTC>UTC=2019-09-14T10:36:14.121921</UTC>
        <UT1>UT1=2019-09-14T10:36:13.967046</UT1>
        <Absolute_Orbit>+00001</Absolute_Orbit>
        <X unit="m">+6118373.885</X>
        <Y unit="m">+0393428.235</Y>
        <Z unit="m">+3707729.793</Z>
        <VX unit="m/s">+3914.492097</VX>
        <VY unit="m/s">-1497.748202</VY>
        <VZ unit="m/s">-6281.169218</VZ>
        <Quality>0000000000000</Quality>
      </OSV>
      <OSV>
        <TAI>TAI=2019-09-14T10:36:51.128641</TAI>
        <UTC>UTC=2019-09-14T10:36:14.128641</UTC>
        <UT1>UT1=2019-09-14T10:36:13.973766</UT1>
        <Absolute_Orbit>+00001</Absolute_Orbit>
        <X unit="m">+6118400.190</X>
        <Y unit="m">+0393418.170</Y>
        <Z unit="m">+3707687.583</Z>
        <VX unit="m/s">+3914.446312</VX>
        <VY unit="m/s">-1497.754889</VY>
        <VZ unit="m/s">-6281.196276</VZ>
        <Quality>0000000000000</Quality>
      </OSV>
      <OSV>
        <TAI>TAI=2019-09-14T10:36:51.135361</TAI>
        <UTC>UTC=2019-09-14T10:36:14.135361</UTC>
        <UT1>UT1=2019-09-14T10:36:13.980486</UT1>
        <Absolute_Orbit>+00001</Absolute_Orbit>
        <X unit="m">+6118426.495</X>
        <Y unit="m">+0393408.106</Y>
        <Z unit="m">+3707645.374</Z>
        <VX unit="m/s">+3914.400526</VX>
        <VY unit="m/s">-1497.761575</VY>
        <VZ unit="m/s">-6281.223334</VZ>
        <Quality>0000000000000</Quality>
      </OSV>
    </List_of_OSVs>
  </Data_Block>
</Earth_Observation_File>
